Tweet_ID,Sentiment_Label,Logits_Neutral,Logits_Positive,Logits_Negative,Tweet_text,hashtags,country,created_at
1352316187594555399,positive,0.7625666260719299,0.9953349232673644,0.8524733185768127,@AliciaMarieBODY Yup. Pretty much. And more than people know. I studied the works of Senator Barack Obama on pandemic handling as required learning when I was doing my masters in security studies - before he was President and we had heard of him outside the US. A greater man than people know https://t.co/Ck6DZk71z1,,Australia,Thu Jan 21 18:04:38 +0000 2021
1352320376957673473,negative,1.2342797517776491,-1.4903748035430908,3.9962956905364986,@tenetztowinne This is the reason #CV19 has remained a serious issue 1 year on. How stupid are humans? Hard borders strict quarantine good hand hygiene &amp; social distancing are the only way to stop the virus.,CV19,Australia,Thu Jan 21 18:21:17 +0000 2021
1352336408963289088,negative,1.341273307800293,-0.8405074477195741,1.8451780080795288,@7NewsMelbourne @9NewsAUS @10NewsFirstMelb @theheraldsun @theage @australian why are not your so called journalists all over this? https://t.co/r5g9NlW31A,,Australia,Thu Jan 21 19:24:59 +0000 2021
1352336976335183872,neutral,2.002777338027954,1.1353968381881714,0.9089699387550354,It's Friday and the start of the weekend at Club Manly. Covid Restrictions have eased so masks not mandatory.  You do not have to remain seated and Dancing is back. Capacity has als increased so come on out. Tonight the courtesy bus available from 5pm to 9pm. https://t.co/Eu2xpvYIgE,,Australia,Thu Jan 21 19:27:15 +0000 2021
1352337071793270785,negative,1.554778814315796,0.10412400215864183,1.6256864070892334,You need to sign in using QR code. Staff can assist and use sanitiser. At times you will need to wear a mask as directed. If your sick stay home. For all club information go to https://t.co/FvQx3dwYsl,,Australia,Thu Jan 21 19:27:37 +0000 2021
1352338251848159232,negative,1.4256552457809448,-0.04411465674638748,1.713290095329285,@cottonboy65 @theAliceRoberts Peter as a Victorian who was locked down for 3 months ending in October - LOCKDOWN WORKS. we now have had 0 community transmission for over 2 weeks and any new community transmission is quickly traced and effectively communicated.,,Australia,Thu Jan 21 19:32:19 +0000 2021
1352338736344784896,negative,1.5139946937561035,-0.8627283573150635,2.225148677825928,"I‚Äôm unsure that the Australian/NZ solution would work in the UK. The isolation and the food self sufficiency are huge factors here.
Could Britain close its borders once lockdown ends? https://t.co/QfJ56A6AE4 via @spectator",,Australia,Thu Jan 21 19:34:14 +0000 2021
1352343184072794114,neutral,1.3243805170059204,1.1844778060913086,1.032019019126892,"@ataallen147 @jimmylara04 I get it Peter, we lost a season last year March to November, the minute the doors opened we got a competition running for football. Problem with the lockdown is that there are many kids that turned there back on sport and haven‚Äôt come back yet, others to ages to be coaxed back!",,Australia,Thu Jan 21 19:51:55 +0000 2021
1352345121417695232,neutral,1.2389731407165527,0.4273097217082977,0.7399904131889343,"Crazy to think in a non covid world, I would be in South Africa right now... üò≥",,Australia,Thu Jan 21 19:59:36 +0000 2021
1352342049853300736,neutral,2.1968114376068115,-0.4660948812961578,1.5233711004257202,@ValerieBarlow6 @S7OCKY So if you‚Äôre one of the first 14 you‚Äôre not going to spread the virus?,,Australia,Thu Jan 21 19:47:24 +0000 2021
1352342107801808896,negative,1.1022602319717407,0.18706423044204712,1.1269816160202026,"@Keata16 @SBSNews Yes, he has leant support to the state premiers who have done most of the heavy lifting in containing the virus every time it came into Australia.",,Australia,Thu Jan 21 19:47:38 +0000 2021
1352349676196925442,neutral,1.4377790689468384,0.8341956734657288,-0.14970721304416654,Boris &amp; Brexit a masterstroke. https://t.co/pXOpgyMgRL,,Australia,Thu Jan 21 20:17:42 +0000 2021
1352355183821377536,negative,0.6197425127029419,-0.1426990032196045,1.4701479673385618,@BarryHeeler And then undid his good work over weak leadership through the pandemic. The US suffered economically more than it should have.,,Australia,Thu Jan 21 20:39:36 +0000 2021
1352355606905012225,negative,1.1378265619277954,-0.690459132194519,2.216841697692871,"Thousands of Cairns tourism workers and business owners will pay the price, if Scott Morrison doesn‚Äôt budge on JobKeeper. His claims that it‚Äôs not needed just show he‚Äôs spectacularly out of touch with Far Nth Qld. https://t.co/uCn7YjX3Sx",,Australia,Thu Jan 21 20:41:16 +0000 2021
1352356320683278338,positive,1.2716535329818726,1.329283595085144,-0.3210031986236572,@SandroDemaio might as well get prepared‚Ä¶ https://t.co/gO10jAuSuv,,Australia,Thu Jan 21 20:44:07 +0000 2021
1352356280816476161,negative,1.1457350254058838,-1.200150728225708,3.427945375442505,"@vline_ballarat @vline WTF do I pay $9 a day for ? First you cancel services then give us 3 carriages only now it‚Äôs bus replacements, during covid? Sitting in a crowded bus with people not wearing a mask or anyone enforcing masks. WTF V/Line ? @DanielAndrewsMP",,Australia,Thu Jan 21 20:43:57 +0000 2021
1352358701814874112,neutral,2.743032693862915,0.4855780601501465,0.1278255134820938,@mjrowland68 hi can you please give an update of Portugal‚Äôs covid crisis ?,,Australia,Thu Jan 21 20:53:34 +0000 2021
1352357700990996480,neutral,1.868997573852539,-0.4591789543628693,1.7822874784469604,@Mrodd__ @josemorgado Community safety &amp; health comes first. If all other nations had closed their borders &amp; quarantined arrivals the virus's intl spread could be stopped. That's how Aus New Zealand Singapore &amp; others have contained it. I did 2 lots of 14 days Aus-NZ it's tough but necessary.,,Australia,Thu Jan 21 20:49:36 +0000 2021
1352362778544148481,positive,1.7655760049819946,2.3220255374908447,0.2843224108219147,"#COVIDVaccination set to start in #Vic on Feb 15. It will be a massive, complex undertaking. @VicGovDHHS - how are we tapping into our local #health professional #student #workforce? They can help now &amp; be better prepared for the next pandemic. #studentsassistAus #gettheJABdone https://t.co/S9seynimgY","COVIDVaccination, Vic, health, student, workforce, studentsassistAus, gettheJABdone",Australia,Thu Jan 21 21:09:46 +0000 2021
1352363517823750148,negative,0.9729032516479492,-0.3910684883594513,2.9656772613525386,@RHONDAVUEWITHU @OutlanderHome @RikRankin Trump that narcissistic misogynistic a...hole made the USA a laughing stock around the world! Hopefully with Biden &amp; Especially HARRIS running USA it will get back on track &amp; Wear a mask!,,Australia,Thu Jan 21 21:12:43 +0000 2021
1352363623058862081,neutral,2.507427215576172,2.3173444271087646,-0.9183884859085084,#AustralianOpen tennis player #PaulaBadosa tests positive for COVID-19 in hotel quarantine in #Melbourne https://t.co/zt7SYlQqmJ,"AustralianOpen, PaulaBadosa, Melbourne",Australia,Thu Jan 21 21:13:08 +0000 2021
1352364057844613121,neutral,1.5418273210525513,-0.18093568086624146,1.2927160263061523,"@samsheffer Because when the government said lock down we locked down, when they said wear a mask we wore a mask, when they said no gatherings over 10 people the majority of us listened. Admittedly we are much smaller and easier to stop the spread than USA. Hopefully the new president",,Australia,Thu Jan 21 21:14:51 +0000 2021
1352364298064982017,neutral,2.1151683330535893,1.4599987268447876,-0.5991109013557434,@SoulWorkshop @RikRankin @JoeBiden He‚Äôs got Kamala by his side he should üôå stay safe wear a mask üôèüò∑üá¶üá∫,,Australia,Thu Jan 21 21:15:49 +0000 2021
1352364575375585280,positive,1.0227397680282593,1.3865599632263184,0.3011768162250519,"If this is true, then it is funny sometimes how the world works in mysterious ways... https://t.co/dDdcrCMW1h",,Australia,Thu Jan 21 21:16:55 +0000 2021
1352366512607121410,negative,0.7852510213851929,-0.1030154749751091,1.7088319063186646,"&gt;America: no we won‚Äôt provide affordable healthcare, get a job.
&gt;companies: gets prop passed that classes gig workers as contractors to not pay insurance.
&gt;company valued at 30billn: sack everyone that tries to organise for instance. https://t.co/25q96cWuSf",,Australia,Thu Jan 21 21:24:37 +0000 2021
1352368788197400576,negative,0.7384387850761414,0.7888094186782837,1.3974740505218506,"@shellkryan This is BS. Having said that, I figured out during my PhD that I mentally felt better when I got out of my pjs (and into comfy but nice clothes) to work from home... but I don't think this would prevent or heal mental illness or burnout from being overworked during a pandemic!!",,Australia,Thu Jan 21 21:33:39 +0000 2021
1352371482509238281,negative,0.6002957224845886,-0.1500229835510254,2.2183513641357417,"This summarizes my endless frustration with the Democrats. The GOP would never consider a similar partnership, they would just ram their policies through with brute force. 

Great, dems! You‚Äôre doing things the right way. And not accomplishing anywhere near what you could. https://t.co/YtvTOVjBt9",,Australia,Thu Jan 21 21:44:21 +0000 2021
1352372023968763905,negative,0.4821482002735138,0.3363952040672302,1.0256685018539429,Must have been a glitch in the earpiece! https://t.co/MDKUlH0yHU,,Australia,Thu Jan 21 21:46:31 +0000 2021
1352373076726407168,negative,1.2231515645980835,0.14508679509162906,1.2757915258407593,"I see Scott Morrison is back to sledging @AnnastaciaMP over her COVID response. Since quarantine is a FEDERAL responsibility, how about the PM finds a solution, rather than just throws rocks? He just never holds a hose.",,Australia,Thu Jan 21 21:50:42 +0000 2021
1352373278212452357,positive,1.696170210838318,3.048191547393799,-0.3616132140159607,#pharmacystudents &amp; #pharmacists working with underserved communities to build #trust about #CovidVaccine... how great is that? https://t.co/4cpFVYJ2Rj,"pharmacystudents, pharmacists, trust, CovidVaccine",Australia,Thu Jan 21 21:51:30 +0000 2021
1352373416959987713,neutral,1.474361777305603,0.16494786739349365,0.2929070591926575,"@DanClarkSports @Bombergrl2000 Are you sure? ü§î 
https://t.co/LA00jxjMwN",,Australia,Thu Jan 21 21:52:03 +0000 2021
1352374489279959043,negative,1.1834810972213743,-0.8406857848167419,2.223459005355835,"@9NewsAUS @7NewsMelbourne @DanielAndrewsMP @vline_ballarat personal risk @vline imposing on passengers, enforced city bus trips not enforcing coughing passengers who don‚Äôt wear masks and are sitting right next to me no social distancing is endangering my health must be addressed.",,Australia,Thu Jan 21 21:56:18 +0000 2021
1352375128475099136,neutral,2.1046512126922607,0.25662681460380554,0.6572589278221129,"@ tennis players 

Clear example of why strict quarantine is the right way to go. https://t.co/Vh4zKqHlVH",,Australia,Thu Jan 21 21:58:51 +0000 2021
1352362515397664769,negative,0.7480699419975281,0.048289485275745385,1.4764052629470823,"@tonibrockliss Covid has been a huge factor. People have spent more time online, but they have also been scared, looking for answers",,Australia,Thu Jan 21 21:08:44 +0000 2021
1352363290547023873,negative,1.0984622240066528,-0.8777359127998352,2.675492763519287,"@samsheffer He failed big time. But looking at the media so did half the population of americans who either supported him or believe covid is a scam, or just can't follow basic rules because of some patriotic view they hold. Australia is basically leading the world covid wise.",,Australia,Thu Jan 21 21:11:48 +0000 2021
1352364416558268417,positive,1.771914005279541,5.162429332733153,-1.3993157148361206,Yo @JoeBiden roll that covid plan out so I can come and celebrate my 40th birthday in the US next year.  Cheers.,,Australia,Thu Jan 21 21:16:17 +0000 2021
1352373527991656451,neutral,1.5785866975784302,0.1945239901542664,1.5186781883239746,@mjrowland68 @BreakfastNews @ScottMorrisonMP @CricketAus I think we as a nation be more concerned about holding a superspreader event like the Australian Open the most inexplicable decision made.  Cancel and send the entitled lot back to play tennis in the Covid basket cases of Europe and US.,,Australia,Thu Jan 21 21:52:29 +0000 2021
1352371813997711362,negative,1.0616344213485718,-0.119367815554142,1.949676871299744,"@stephenjduckett @LRussellWolpe @sallyjsara @BradHazzard @RNBreakfast @POTUS I guess it because people pull together in times of war? This is a war against a virus, a wicked enemy, that requires all to take a stand and be united in the resolve that it can be overcome! This is no time for political games! #COVID19",COVID19,Australia,Thu Jan 21 21:45:40 +0000 2021
1352375937577324544,positive,1.4247002601623535,3.1705496311187744,-0.11759627610445025,"#Pharmacy #interns in UK sharing the #COVIDVaccination love. So many people helped! Sadly, @VicGovDHHS regs prohibit this type of contribution here. We need #allhandsondeck to vaccinate. What better time to improve this?  #gettheJABdone https://t.co/VeLI9Qocxz","Pharmacy, interns, COVIDVaccination, allhandsondeck, gettheJABdone",Australia,Thu Jan 21 22:02:04 +0000 2021
1352379225085415426,positive,1.3994451761245728,1.624698281288147,-0.5480222105979919,@maxiedexter I just wish it would stay at home,,Australia,Thu Jan 21 22:15:07 +0000 2021
1352380541127933954,negative,1.0196833610534668,-0.0045111700892448425,1.6638797521591189,"16 days of zero locally cases 

0 internationally acquired interstate 

1 Internationally acquired overseas 

31 active cases

16,465 test results received 

52 days of zero lives lost 

Brilliant work, Victorians üòÄüòÅüòçüëè

#COVID„Éº19 #COVID19Vic","COVID„Éº19, COVID19Vic",Australia,Thu Jan 21 22:20:21 +0000 2021
1352389456242692098,positive,0.2739594578742981,2.5752196311950684,-0.06641381233930588,Congratulations #America. You now have an adult in charge. https://t.co/zcAKvOhxqf,America,Australia,Thu Jan 21 22:55:47 +0000 2021
1352390438645166081,neutral,1.1396056413650513,1.0326308012008667,0.6427061557769775,"Last Friday before school goes back. It's been a strange break...3 weeks lock down, then renovations started back up and no 'holiday' away. Maybe Easter will be kinder! https://t.co/28mepYlna1",,Australia,Thu Jan 21 22:59:41 +0000 2021
1352382014133944321,negative,1.7439370155334473,-1.0141955614089966,2.333219289779663,"Biden inheriting nonexistent coronavirus vaccine distribution plan and must start 'from scratch,' sources say

Why do I suspect Morrison is the same? He seems to be delegating this to the states ........ another ""copy Trump"" strategy? 

https://t.co/RpjunesOv1",,Australia,Thu Jan 21 22:26:12 +0000 2021
1352376154947129346,positive,0.7667796015739441,2.1818692684173584,-0.0591358095407486,"@DanClarkSports @Bombergrl2000 I meant no malice in this reply. Just that you said in the past 7 days, and this tweet was from 5 days ago.
I'd be really happy if we were covid free for a week, a month or a even longer. It'll be awesome.",,Australia,Thu Jan 21 22:02:55 +0000 2021
1352385575752359937,negative,0.6817870736122131,0.019913740456104282,2.2278308868408203,@OldStockRunOut @AlboMP @deniseshrivell Yes start with Victorian and follow Queensland just wait for the deficit budget and wait for them to blame Covid fo all,,Australia,Thu Jan 21 22:40:22 +0000 2021
1352387134364114945,negative,0.7829241156578064,-1.412692666053772,4.200732231140137,"So the States has all of these Covid deaths, hospitals struggling, they‚Äôve had a cluster fuck of an election, high unemployment and the list goes on but they still have the parade and pomp for the new president. Why not just get to work? Do your job? Ridiculous.",,Australia,Thu Jan 21 22:46:33 +0000 2021
1352388145656983556,negative,0.7949804067611694,-0.9269914031028748,2.975438117980957,@TasGreg @BreakfastNews Those who do not remember the past are doomed to repeat it #AsylumSeekerDetention #HomeToBilo #LNPwhitelivesmatter #LNP_COVID_Misinformation #LNP_ReligiousDiscriminationBill #LNP_climatechangedenial,"AsylumSeekerDetention, HomeToBilo, LNPwhitelivesmatter, LNP_COVID_Misinformation, LNP_ReligiousDiscriminationBill, LNP_climatechangedenial",Australia,Thu Jan 21 22:50:34 +0000 2021
1352388448414437377,negative,1.3404041528701782,0.2016565203666687,1.8174654245376587,"Biden spent a lot of his first day trying to bring the US back in line with much of the developed world around climate change and even working on that COVID thing. 

What‚Äôs trending this morning? A made up headline from Trumpist weirdos.",,Australia,Thu Jan 21 22:51:46 +0000 2021
1352389984506896384,negative,0.78261399269104,0.02435010671615601,1.8950536251068115,This is spot on. It shouldn‚Äôt take a COVID crisis for the Govt to realise the human and strategic value of the aid program. But let‚Äôs not allow this opportunity pass to reinforce it! https://t.co/xg9csRoUSe,,Australia,Thu Jan 21 22:57:53 +0000 2021
1352392910654738438,positive,0.3523730933666229,1.495995044708252,1.2979170083999634,Very good üëèüëèüëèüëèüëèüëè @MagufuliJP you are in denial https://t.co/Q0sjdPvKVV,,Australia,Thu Jan 21 23:09:30 +0000 2021
1352394648153518081,negative,1.2608343362808228,-0.919104278087616,2.8164258003234863,"With all due respect, Jerry, this isn't exactly news. @VinnyBonsignore reported this exact info 1 day after the #Raiders defensive meltdown against the Dolphins #RaiderNation https://t.co/ybHwT6GqBi","Raiders, RaiderNation",Australia,Thu Jan 21 23:16:25 +0000 2021
1352394787056361473,negative,1.6588057279586792,-0.4875368177890778,2.184335947036743,"Morrison hittingback..because he can? Pity he did not use them before unknown passengers left the 'Ruby Princess &amp; helped in the spread of the Pandemic!
ABC's Sydney headquarters raided by Australian federal police ‚Äì video

https://t.co/7XsdOQw0fz",,Australia,Thu Jan 21 23:16:58 +0000 2021
1352395206629314560,positive,0.6031978130340576,4.40764045715332,0.08318674564361572,So grateful for such a great session! Privileged to be part of the 140+ invitees representing 72 institutions across 53 countriesüòáThank you @WHOGOARN üôèüèΩ https://t.co/OzmegkFIgb,,Australia,Thu Jan 21 23:18:38 +0000 2021
1352395875784376320,positive,0.91433584690094,1.0854926109313965,0.5133869051933289,"Indeed. As well as being a moral imperative, foreign aid is an incredibly sound investment in Australia‚Äôs health and security. It always was disastrously short-sighted to cut it. 

This turnaround is enormously welcome and wise. May it be just the start. @MarisePayne @SenatorWong https://t.co/pmqPEHLA74",,Australia,Thu Jan 21 23:21:17 +0000 2021
1352397226635456518,positive,0.8601856827735901,4.126673698425293,-0.9362797141075134,Bravo Mark McGowan and his magnificent team! https://t.co/F67ZgtUGYD,,Australia,Thu Jan 21 23:26:39 +0000 2021
1352398461786759169,negative,1.5301454067230225,-0.6373776793479919,2.0542609691619877,@Jay28998630 @Spyero42 @SadiqKhan I understand. People will be anxious especially since it's a new vaccine. But I think there has to be a bit of trust about this. Would you rather more people lose their lives to covid-19 or take a vaccine with the potential to save millions of lives? Food for thought,,Australia,Thu Jan 21 23:31:34 +0000 2021
1352399728034496512,positive,0.2646097242832184,2.8659348487854004,-0.04233434051275253,!!! Brilliant https://t.co/PQwsgXpBXM,,Australia,Thu Jan 21 23:36:36 +0000 2021
1352399866333257728,negative,1.393286108970642,-1.2061901092529297,3.249972105026245,"Why must we put up with this ""Indo-Pacific"" crap instead of ""Asia-Pacific""? Is this LNP/IPA's doing? https://t.co/Qyj5HjJiV9",,Australia,Thu Jan 21 23:37:09 +0000 2021
1352400019467366402,positive,0.019661888480186462,0.8192126750946045,0.0364345908164978,Interesting https://t.co/lhIi3qXFAj,,Australia,Thu Jan 21 23:37:45 +0000 2021
1352400100782313473,negative,0.7356401085853577,-0.1852030158042908,1.5991798639297483,@SabraLane Fancy the President saying Covid19 was just the flu !!,,Australia,Thu Jan 21 23:38:05 +0000 2021
1352402745689403394,neutral,1.787781000137329,-0.6910284161567688,1.377675175666809,"Maybe there should be two comps
Those in strict  lockdown and those that are not. #AusOpen",AusOpen,Australia,Thu Jan 21 23:48:35 +0000 2021
1352404292099969024,neutral,1.15863835811615,-0.17078030109405518,0.2651017904281616,What's Covid? https://t.co/sVu62m2P8J,,Australia,Thu Jan 21 23:54:44 +0000 2021
1352394926504304640,neutral,1.7576467990875244,1.757211208343506,0.4408826529979706,"Hmm, I‚Äôm now allowed to travel to Melbourne upon taking a covid test. ü•≤

I‚Äôm thinking a spontaneous visit next week. üôÇüôÇüôÇ https://t.co/H4I2cvcmKX",,Australia,Thu Jan 21 23:17:31 +0000 2021
1352395134562779136,negative,1.306482434272766,-1.0936356782913208,3.0398960113525386,@garbisbackhand @wanchorm8 @paulabadosa The rules never changed overnight she was a close contact end of story it doesn‚Äôt matter who she is everyone gets the same. That‚Äôs why we aren‚Äôt ravaged by Covid like all of Europe. They all knew exactly what the procedure was in Australia well before they got on flights,,Australia,Thu Jan 21 23:18:21 +0000 2021
1352395281619292160,positive,0.7101105451583862,1.3939327001571655,0.2645024657249451,@JulieAnn718 In the grand scheme of things it's not a big deal. I'd rather this than have him catch covid in an airport somewhere. A hit would be nice though.,,Australia,Thu Jan 21 23:18:56 +0000 2021
1352395726249070593,negative,0.4022963643074036,0.5337708592414856,1.600014090538025,This is not me complaining. I‚Äôm so grateful for the way the Australian government has handle this pandemic and minimised the spread of covid and how we maintain low to no cases of community transmissions.,,Australia,Thu Jan 21 23:20:42 +0000 2021
1352398992768864257,negative,1.0819401741027832,-0.5759003162384033,2.0547590255737305,"If any country deserves repeated censure and attack for its ""handling"" of Covid19, it must be number 22, or maybe 26, ranked by Covid deaths per capita. 
#logic #balance https://t.co/9ZmJbtuXSx","logic, balance",Australia,Thu Jan 21 23:33:40 +0000 2021
1352402397256065032,neutral,1.1852738857269287,0.9167051315307616,1.1247905492782593,"@KR_1973 @Mattys123 Regardless in the last year of Devastating Bushfires, Covid and just being 2020 I don‚Äôt want to see any Sportsperson or Businessperson or Donors recieving Aust awards they can get an award on Queens Bday, the true Australian hero‚Äôs last year were Frontline Emergancy responders",,Australia,Thu Jan 21 23:47:12 +0000 2021
1352403153489039362,neutral,1.248823881149292,-0.4096028506755829,1.230145812034607,Sensible public health policy... likely to have saved lives if mandated earlier in the US. #COVID #COVID19 https://t.co/Y7RG6j9KKV,"COVID, COVID19",Australia,Thu Jan 21 23:50:12 +0000 2021
1352404026197860353,negative,1.5491422414779663,-0.8025744557380676,1.7276322841644287,Yet to hear Biden explain how he's using the light inside the body technique to stop covid üòÜ,,Australia,Thu Jan 21 23:53:40 +0000 2021
1352404313704779776,neutral,2.545721530914306,0.24584048986434934,-0.4009348750114441,@Macetrott Will you be wearing a mask üò∑?? üòâ,,Australia,Thu Jan 21 23:54:49 +0000 2021
1352404979265355778,neutral,1.1011663675308228,0.40178626775741577,-0.09498032927513124,Wear a mask @WHCOVIDResponse https://t.co/unap9L2uXC,,Australia,Thu Jan 21 23:57:28 +0000 2021
1352391881510932482,neutral,1.5075714588165283,0.12939336895942688,1.0742028951644895,"@Jay28998630 @Spyero42 @SadiqKhan I am a doctor and @Spyero42 has very clearly explained the rationale about the need for the majority needing a vaccine for general population protection very well. I would strongly recommend you to get a vaccine when you can, but feel like might be speaking to a brick wall",,Australia,Thu Jan 21 23:05:25 +0000 2021
1352399005326610432,negative,1.572382569313049,-0.4665943086147308,1.9225586652755735,"@Jay28998630 @Spyero42 @SadiqKhan At the end of the day, we cannot force anyone to take the vaccine. And the honest truth is this. The government are messing things up delaying the 2nd vaccine by 3 months, not 3 weeks. But I think it's dangerous to not take the vaccine at all",,Australia,Thu Jan 21 23:33:43 +0000 2021
1352399371199934466,neutral,1.3530118465423584,0.3260680735111237,1.156827449798584,"@Jay28998630 @Spyero42 @SadiqKhan It's putting lives at risk. Have you ever had an allergic reaction to a vaccine? If not, then chances are you won't for this either. At the end of the day, the decision is yours, but please just consider all options. Thanks for your time",,Australia,Thu Jan 21 23:35:11 +0000 2021
1352399477718409217,neutral,2.2187941074371342,-0.07303021103143692,0.2687843441963196,Is vaccine ready for you?? https://t.co/7B6M7sNMOR,,Australia,Thu Jan 21 23:35:36 +0000 2021
1352399989767434240,negative,0.8823732733726501,0.19045037031173706,1.1804146766662598,"@Jay28998630 @Spyero42 @SadiqKhan I think this is going to be my last tweet about this. Everything comes at a risk. It's a very tiny risk. But getting covid is a great risk - people are dying daily. What's better - a less than 0.00001% risk of a reaction to the vaccine, or a much greater risk of getting covid",,Australia,Thu Jan 21 23:37:38 +0000 2021
1352686257290104832,negative,0.8741521835327148,-0.5204730629920961,1.1772007942199707,Why not ?? https://t.co/n02ljon1nL,,Australia,Fri Jan 22 18:35:10 +0000 2021
1352688733217153025,positive,1.5823123455047607,2.5063371658325195,-0.5312766432762146,Taking my first flight in a COVID world today. Glad to see face masks being actively and strictly enforced in airports in Queensland.,,Australia,Fri Jan 22 18:45:00 +0000 2021
1352697879534571520,negative,0.8458108305931091,-0.7904202342033386,2.761850118637085,@matt_barrie @MarcieCrypto @Theopolis777 Based on the daily death rates in the US and UK anything the prevents one from getting seriously sick from covid will be worth it.,,Australia,Fri Jan 22 19:21:21 +0000 2021
1352694126009962496,neutral,1.6066690683364868,-0.1962333619594574,0.8994131684303284,"""Boris Johnson says there‚Äôs evidence that the UK variant of COVID-19 may have a higher degree of mortality""  https://t.co/ACS7A57JwL",,Australia,Fri Jan 22 19:06:26 +0000 2021
1352696090127077376,negative,1.2915431261062622,-0.6196002960205078,2.4714279174804688,"Don't get all the hatred for #mgw and his missus. They're just a young couple trying to live a life in the spotlight. As a footballer, I don't think he's up to premier league standard but don't see why so many are judging his personality? slating a guy coz hes caught covid üò≥üôÑ",mgw,Australia,Fri Jan 22 19:14:14 +0000 2021
1352707166633824256,neutral,1.60011625289917,-0.6203606724739075,1.5940675735473633,@DrTobyGilbert @Rheum2improve One ICU nurse infected in the corridor outside the room of a Covid patient at RAH,,Australia,Fri Jan 22 19:58:15 +0000 2021
1352715276647714816,neutral,1.0527304410934448,0.8350440263748169,-0.4725476503372192,Spot on. https://t.co/klONcqO0sP,,Australia,Fri Jan 22 20:30:28 +0000 2021
1352721971717443585,neutral,1.0856781005859375,0.2557925879955292,-0.2848315536975861,Please sign https://t.co/BIWve3cpfM,,Australia,Fri Jan 22 20:57:05 +0000 2021
1352713341920108545,positive,0.4653958976268768,1.1229625940322876,0.3410290777683258,I find it funny how @CNN has taken down the covid count now Joe Biden is president.,,Australia,Fri Jan 22 20:22:47 +0000 2021
1352721101156093952,neutral,1.410331964492798,1.0777819156646729,0.3286377191543579,2021 terminology. Covid Safe. Covid Safe markets.  Covid Safe family parks....we can see what they're doing.,,Australia,Fri Jan 22 20:53:37 +0000 2021
1352716149541093376,positive,0.44236105680465704,2.596902847290039,-0.3394657373428345,@enigmathika @mitsubishipunk @wuooods Enjoy your vaccine,,Australia,Fri Jan 22 20:33:56 +0000 2021
1352711325609152512,neutral,1.945470213890076,-0.7995343804359436,1.3485040664672852,On USA tv a doctor stated that even if you have had the jabs you can still get the virus from your grandkids?,,Australia,Fri Jan 22 20:14:46 +0000 2021
1352718164602150912,neutral,1.432762861251831,-0.3257748782634735,1.2164192199707031,"Existing vaccines might not work against #COVID19 variants emerging in South Africa and Brazil. 

https://t.co/BU9vDbzag9",COVID19,Australia,Fri Jan 22 20:41:57 +0000 2021
1352726353884319745,neutral,0.9829859733581544,-0.14605048298835754,0.2484499216079712,Definition of contentment üòÇ https://t.co/PdwJiGQ7c0,,Australia,Fri Jan 22 21:14:29 +0000 2021
1352729981160316929,positive,0.9146814346313475,2.397151231765747,-0.019538046792149544,Cheers everyone who made this happen. Looking for Australia-wide zeros in a row and proud when that happens. Hard and fast lockdown works. https://t.co/E5W2bunO9p,,Australia,Fri Jan 22 21:28:54 +0000 2021
1352734294247043072,negative,0.7859832048416138,0.7154799699783325,1.178343653678894,"17 days of zero locally cases 

0 internationally acquired interstate 

3 Internationally acquired overseas 

33 active cases

15,711 test results received 

53 days of zero lives lost 

Amazing work, Victorians üòÄüòçüëè

#COVID„Éº19 #COVID19Vic","COVID„Éº19, COVID19Vic",Australia,Fri Jan 22 21:46:02 +0000 2021
1352736722115719168,negative,1.0590337514877322,-0.7584202289581299,1.9520697593688965,@WaringBrian @HankMeyerNAPP @Jpana75 @DanAndrewsMP How many suicides has @DanielAndrewsMP #dictatordan BS lockdown in 2020 cause?,dictatordan,Australia,Fri Jan 22 21:55:41 +0000 2021
1352724726783700992,negative,1.0267173051834106,0.3764719069004059,1.285388708114624,My Uncle‚Äôs getting married üò≠üò≠ and we are not in AKL for his day. Fk you Covid,,Australia,Fri Jan 22 21:08:01 +0000 2021
1352725068997038080,neutral,2.436227798461914,1.621892333030701,-0.5175501108169556,"COVID-19 The a roadmap for all Queenslanders from 1:00 am 22 Jan 2021. 
For more information:
https://t.co/9Z7F0UklSD",,Australia,Fri Jan 22 21:09:23 +0000 2021
1352733905137225730,negative,0.6923078894615173,0.7626410126686096,1.624686360359192,@EllenAprill @smbrnsn My nephew‚Äôs partner is a doctor in a COVID ward there and my brother and one sister live there - sounds really really bad. Hope it gets better - thoughts with you all.,,Australia,Fri Jan 22 21:44:30 +0000 2021
1352731502593806336,neutral,1.113278031349182,0.31813260912895197,1.0138487815856934,@FionaPWME @AnnVictoria16 @moniquehore @EvieDaisy3 @JimmyBarnes @theheraldsun Social distancing  - Canberra has little in way of virus but still recommend distance of 1.5m.,,Australia,Fri Jan 22 21:34:57 +0000 2021
1352738798631673856,negative,1.0002140998840332,-0.2720107436180115,1.9842892885208132,"@JLinMiller @LisaMarieBoothe Because the pandemic wouldn't have happened if Biden was in office? Tell that to the rest of the world. The riots in Portland were not the work of white supremacists, that was a wonderful example of the left eating itself. With Sleepy Joe in office unemployment will get worse.",,Australia,Fri Jan 22 22:03:56 +0000 2021
1352739103779876864,neutral,1.1422063112258911,0.0875159204006195,0.2062543034553528,"Thread üòÇ.

#aleague https://t.co/YjQAq5hVB5",aleague,Australia,Fri Jan 22 22:05:09 +0000 2021
1352741200923488256,negative,0.9760029315948486,0.2013500779867172,1.5150480270385742,"Got to admire be Dutton for his consistency. Couldn't run a bath. Not as if Turnbull was not warned. Home Affairs: a job just too big for the man. Doubtless Scotty will demand Dutto resign immediately. Imagine if it were Labor.
https://t.co/tWqeFILfPm",,Australia,Fri Jan 22 22:13:29 +0000 2021
1352744665561223168,negative,1.1936976909637451,-0.8253254890441895,2.6712567806243896,"@DCI_James @hansvan333 I understand it‚Äôs important to keep Covid out, but some countries (NZ) can do this without punishing citizens. (And don‚Äôt get me started on the hypocrisy of letting in celebrities, sportspeople, fruit pickers &amp; ScoMo‚Äôs business cronies while ordinary people suffer... )",,Australia,Fri Jan 22 22:27:15 +0000 2021
1352747370757332992,neutral,1.2647511959075928,0.5862339735031128,0.32591694593429565,"There it is ... that‚Äôs his plan .....

https://t.co/1HiTYsfswV",,Australia,Fri Jan 22 22:38:00 +0000 2021
1352748757830365185,negative,0.7987288236618042,-0.4777844846248626,1.911058783531189,"I'm certainly not the least surprised.

Now watch him blame the states

(except NSW, of course). https://t.co/mOR9x4B2qd",,Australia,Fri Jan 22 22:43:31 +0000 2021
1352749849762881536,positive,0.1673273742198944,0.9497661590576172,0.04557798802852631,Bugga! https://t.co/mpbp8Z3q7V,,Australia,Fri Jan 22 22:47:51 +0000 2021
1352749943908233216,negative,1.1635463237762451,-1.516510248184204,4.557629585266113,"#auspol @SuLin_Tan exposes the harsh fact: Australian racism towards Chinese is horrendous.  For mainland Chinese migrants in Australia, adapting to new home made worse by coronavirus, racism and isolation https://t.co/g53KJPsmGc via @scmpnews",auspol,Australia,Fri Jan 22 22:48:14 +0000 2021
1352742277467103232,neutral,1.340607523918152,-0.0596122071146965,1.1401931047439575,"When the impact of COVID-19 permanently grounded Tigerair last year, Jessica Rennison thought her days working in aviation were over. https://t.co/qKKiPSPXom",,Australia,Fri Jan 22 22:17:46 +0000 2021
1352744433142226945,negative,1.2182948589324951,-0.8059445023536682,1.7838797569274902,"@Glaven1994 Doesn't matter which one , we ordered after EU so will be delayed too
https://t.co/xJQ2KY1r3A",,Australia,Fri Jan 22 22:26:20 +0000 2021
1352744771236716544,negative,0.442034125328064,-0.6745323538780212,2.8438427448272705,"Like Trump Morrison has failed Australians, he has mismanaged Covid and Aged care, Lied about the vaccine, handballed Quarantine to Premiers when it was his responsibility! Cant be trusted, thos inept showman is not fit to Lead! https://t.co/KO5maKdQGZ",,Australia,Fri Jan 22 22:27:40 +0000 2021
1352745808362237952,neutral,2.0457653999328613,0.9515498876571656,-0.16409769654273987,"That's exactly what we are working to achieve...

https://t.co/qAp6uozpxw",,Australia,Fri Jan 22 22:31:48 +0000 2021
1352749954377289728,negative,1.6326779127120972,-0.694918155670166,2.225351095199585,"@KoparaFallsKid It's every country unfortunately.  So we will be at end of queue due to the dire situation in other countries.  A nurse friend I follow on twitter just ventilated a 6 yr old and the mother.  Both critical
https://t.co/xJQ2KY1r3A",,Australia,Fri Jan 22 22:48:16 +0000 2021
1352751980456755200,neutral,1.5262963771820068,1.475914716720581,0.3317044079303741,@wright010619 @pete_ellis70 @Carl_M79 Suggest taking the time to read this article in detail. Explains it all very well: https://t.co/q3Imrl8bNK https://t.co/ca5XvZ2gvx,,Australia,Fri Jan 22 22:56:19 +0000 2021
1352744564071698432,neutral,1.0738081932067869,0.4955858290195465,0.5170846581459045,Wear a mask but.... don‚Äôt leave it on the god dam beach you animals.,,Australia,Fri Jan 22 22:26:51 +0000 2021
1352749667793002496,neutral,1.584868550300598,0.08361060172319412,0.8229281902313232,They had better come up with a better vaccine with people catching the virus after vaccination.,,Australia,Fri Jan 22 22:47:08 +0000 2021
1352754599044632576,neutral,1.9869790077209477,-0.7086315155029297,1.6333554983139038,The Victorian CMO Dr Brett Sutton said Paula #Badosa‚Äôs COVID case test a week into quarantine underscores the decision to take no risks when passengers recorded positives on three flights to the @AustralianOpen https://t.co/4NvJCSATwF,Badosa,Australia,Fri Jan 22 23:06:44 +0000 2021
1352756810852130816,positive,1.0901678800582886,1.562286615371704,0.2962954044342041,I hope the @WHO #EB248 will take action that sees serious attention and action on the inequitable distribution of power money and resources that underpins #SDH @PHMglobal https://t.co/suSeNHnI6L,"EB248, SDH",Australia,Fri Jan 22 23:15:31 +0000 2021
1352757978688970754,negative,0.8985551595687866,-0.6142473816871643,4.144479751586913,#MaskUp #Sydneyfc #ALeague #COVID19 The chairman club at Sydney FC Pick the mask wearers? Even marshalls ignoring...Most of us did the right thing!!!! Assholes!!! https://t.co/urknwMXWCw,"MaskUp, Sydneyfc, ALeague, COVID19",Australia,Fri Jan 22 23:20:09 +0000 2021
1352758596220588033,negative,1.0663615465164185,0.07359150797128677,1.818658232688904,"I‚Äôm not completely opposed to the face masks any longer. 

If this means I can get away with not wearing make up to work five days a week, I‚Äôm going to mandate this rule in my life even when the restriction is lifted. üëåüèº 

#lockdowns #COVID #MaskUp","lockdowns, COVID, MaskUp",Australia,Fri Jan 22 23:22:37 +0000 2021
1352759627620859904,neutral,1.2631651163101196,0.2915058732032776,0.217428520321846,News Corp circulation in Vic must be dire. https://t.co/TkhRAkRzC3,,Australia,Fri Jan 22 23:26:42 +0000 2021
1352761392890212352,negative,0.35103580355644226,0.05178433284163475,2.9491634368896484,"Fucking idiots cheering for big tech, they will come for you! https://t.co/oADjFReWIY",,Australia,Fri Jan 22 23:33:43 +0000 2021
1352762310780018688,positive,1.286802887916565,2.776389837265014,0.10165134817361833,Glad to meet  in person with the Thai student community from ANU and learn about how they have been coping  #COVID19 #WeAreInThisTogether https://t.co/8gaPPFQeog,"COVID19, WeAreInThisTogether",Australia,Fri Jan 22 23:37:22 +0000 2021
1352762333496446976,positive,1.0331625938415527,2.883634090423584,-0.12740740180015564,"@alwaysevolving9 Watched the first episode... It's pretty good. I was a bit hesitant because The Stand (along with IT) is my favourite King novel. This starts off with the pandemic in full swing, with flashbacks explaining the situation. I'd give it a go if I were you.",,Australia,Fri Jan 22 23:37:28 +0000 2021
1352762940693209091,neutral,0.2326075136661529,0.1763904094696045,0.14018522202968595,Crikey https://t.co/6y5XSrQ0NH,,Australia,Fri Jan 22 23:39:52 +0000 2021
1352764999614124034,negative,0.9723206162452698,-1.0765645503997805,3.070793867111206,"It's a controversial tactic, calamitous for jobs &amp; crushingly hard for many, but a hard lockdown is what Zimbabwe needs. Even limited shutdowns have consequences. With a poor contact tracing program  &amp; irresponsible citizens, a hardlock down is what Zim needs https://t.co/3jOaaf9oso",,Australia,Fri Jan 22 23:48:03 +0000 2021
1352756453614833664,positive,2.442072629928589,6.012260437011719,-2.0055818557739262,"A lovely review for a lovely little gig we did on Thursday evening at the National Press Club @Canberra

https://t.co/hRjHlnYOAZ",,Australia,Fri Jan 22 23:14:06 +0000 2021
1352758150814810112,negative,0.38246622681617737,-0.7937893867492676,3.3053526878356934,"@BenMitchellSong Arrant nonsense. 

COVID does not make ones hair fall out. A classic symptom of radiation poisoning. 

Your claims are unscientific, unbelievable bollocks. TI #FactsMatter #TruthMatters","FactsMatter, TruthMatters",Australia,Fri Jan 22 23:20:50 +0000 2021
1352762295382753281,negative,0.8118887543678284,-1.1680176258087158,3.5573246479034424,@DonaldJTrumpJr No he just killed his own people failed with covid killed people,,Australia,Fri Jan 22 23:37:18 +0000 2021
1352763696615833600,neutral,1.9660614728927608,0.6913868188858032,0.2774394750595093,"The UK's response to Covid...

@BorisJohnson
#Covid19UK #COVIDIDIOTS 
#UKcovid #UK #BorisJohnson #UnitedKingdom https://t.co/rXL1lwysqA","Covid19UK, COVIDIDIOTS, UKcovid, UK, BorisJohnson, UnitedKingdom",Australia,Fri Jan 22 23:42:53 +0000 2021
1352763948886495232,positive,0.9517680406570436,3.0302922725677486,0.15348954498767853,"A bit of #phycology #phytoplankton fun. Honestly, I'm a little flattered by my results. 
If you check out @Go2Qurious there's also a podcast and activities for kids associated with NASA PACE - which my niece loved during COVID home schooling last year. https://t.co/qQtC1LhNrz https://t.co/4id8fyJQnX","phycology, phytoplankton",Australia,Fri Jan 22 23:43:53 +0000 2021
1352753607108513792,negative,1.4386029243469238,-0.6687124967575073,2.1430881023406982,Morrison has stuffed up Australia's vaccine rollout and he's got us talking about Margaret Court. He has turned Australia's award system into a sack of dead cats.,,Australia,Fri Jan 22 23:02:47 +0000 2021
1352767785848303618,negative,1.0971760749816897,-0.4510249197483063,2.1782968044281006,@megtirrell Meg do you think it‚Äôs fair that people are suffering around the world and there are 3 manufacturers who has the say who lives and who dies instead passing the formula to every able plant so that they can manufacture their own vaccine! Why can‚Äôt someone ask the price of it!,,Australia,Fri Jan 22 23:59:08 +0000 2021
1352755596995354624,negative,0.3410015404224396,-0.2455471158027649,1.6532378196716309,"@NotleyTrevor Always my fear Trev..
Virus' evolve.",,Australia,Fri Jan 22 23:10:41 +0000 2021
1353051466664079361,negative,1.2061885595321655,-1.0591933727264404,3.136328220367432,"#Facebook are #deactivating #accounts of #activists without notification.
Many are reporting they have lost valuable media and perhaps worse, have no contact with #family and #friends during #Covid now as they had been using the #SocialMedia platform' ""#Messenger"" to communicate.","Facebook, deactivating, accounts, activists, family, friends, Covid, SocialMedia, Messenger",Australia,Sat Jan 23 18:46:22 +0000 2021
1353059298721452039,neutral,1.4161407947540283,0.5420799255371094,0.6816213130950928,"When TMA person says ""I"" the place they speak from is the heart . U til you hear the word I there s no commitment. https://t.co/9lqcjSoT6l",,Australia,Sat Jan 23 19:17:30 +0000 2021
1353066338135142400,negative,1.356530785560608,-0.5633671879768372,1.8044176101684568,"@robinmonotti Robin they do mass testing of all people, symptoms or not. They do an entire city in a week. My family lives there and worked there 8 years now. 

https://t.co/joJ6pXfmJi",,Australia,Sat Jan 23 19:45:28 +0000 2021
1353066845675249664,neutral,1.9002413749694824,-0.11127554625272752,0.7964878082275391,Watching @SkyNews @elissetennis I hear that U.K. P.M. considering tougher restrictions. Thought you were in full lockdown already? #COVID,COVID,Australia,Sat Jan 23 19:47:29 +0000 2021
